url,email,facebook,twitter,title 1,image 1,title 2,image 2,title 3,image 3,title 4,image 4,title 5,image 5
autobeam.myshopify.com,None,http://www.facebook.com/autobeam,None,03ANO,https://cdn.shopify.com/s/files/1/1491/0630/products/Youtube.png?v=1541369178,03ANO,https://cdn.shopify.com/s/files/1/1491/0630/products/Youtube.png?v=1541369178,501A Chromatic Mirror Indicator Bulb,https://cdn.shopify.com/s/files/1/1491/0630/products/osram.png?v=1535711373,501A Chromatic Mirror Indicator Bulb,https://cdn.shopify.com/s/files/1/1491/0630/products/osram.png?v=1535711373,581 Chromatic Indicator Bulb,https://cdn.shopify.com/s/files/1/1491/0630/products/581_new.png?v=1535711373
sadies-stickers.myshopify.com,None,https://www.facebook.com/groups/sadiesstickers/,None,Autumn Rose Weekly Kit,https://cdn.shopify.com/s/files/1/2566/6334/products/Screen_Shot_2018-08-02_at_5.31.38_AM.png?v=1533204340,Believe Foiled Weekly Kit,https://cdn.shopify.com/s/files/1/2566/6334/products/IMG_5711.JPG?v=1538141725,Black and Gold Foil Honeycomb Washi Tape,https://cdn.shopify.com/s/files/1/2566/6334/products/il_fullxfull.1457439752_5gu4.jpg?v=1529345706,Black and Gold Foil Stars Washi Tape,https://cdn.shopify.com/s/files/1/2566/6334/products/il_fullxfull.1457433314_s7qd.jpg?v=1529345720,Black Glossy Finish Washi Tape,https://cdn.shopify.com/s/files/1/2566/6334/products/il_fullxfull.1504687995_ocbe.jpg?v=1529345736
cosmeticpalace.myshopify.com,None,None,None,,,,,,,,,,
simba-development.myshopify.com,None,None,None,,,,,,,,,,
crumpler-eu.myshopify.com,info@crumpler.eu,https://www.facebook.com/crumpler.eu,https://twitter.com/crumpler_eu,Agent K,https://cdn.shopify.com/s/files/1/0046/4594/5459/products/AK-002_Front.jpg?v=1541770405,15 Seater,None,,,,,,
kakaind.myshopify.com,None,https://www.facebook.com/groups/2006253272974698/,None,"#27 Gear for 8"" Shear/Brake",https://cdn.shopify.com/s/files/1/2156/6801/products/1_e1c5b7a7-619f-41df-a439-679cfd86c98f.jpg?v=1539592377,#52  Spare parts for RM-08,https://cdn.shopify.com/s/files/1/2156/6801/products/1_738ac689-809d-4cb9-af2e-339b459cff7f.jpg?v=1539592862,10-Inch Sheet Metal Plate Shear HS-10 Top/bottom blade,https://cdn.shopify.com/s/files/1/2156/6801/products/H_d6b62f16-33c0-4e08-9054-9338e781ca83.jpg?v=1532338587,12-Inch Sheet Metal Plate Shear HS-12 Top/bottom blade,https://cdn.shopify.com/s/files/1/2156/6801/products/H_a73f5dfa-3715-49e9-8881-a06cf4e38ae9.jpg?v=1531921572,3# forming die for UB-100,https://cdn.shopify.com/s/files/1/2156/6801/products/ub-100-3.jpg?v=1523952147
mrlock.myshopify.com,None,None,None,,,,,,,,,,
phenom-elite-brand.myshopify.com,None,https://facebook.com/phenomelitebrand,https://twitter.com/phenomelite,Phenom Speed - Performance Shirt,https://cdn.shopify.com/s/files/1/2078/0321/products/mockup-41cc504b.jpg?v=1528160545,Phenom Speed - Performance Shirt,https://cdn.shopify.com/s/files/1/2078/0321/products/mockup-41cc504b.jpg?v=1528160545,,,,,,
stickershop1.myshopify.com,hello@stickershop.co.uk,http://facebook.com/stickershopuk,http://www.twitter.com/stickershopuk,Free Sample Pack,https://cdn.shopify.com/s/files/1/1057/3360/products/StickerShop_Sample_Packs_6586653d-3390-41f6-850a-5f5749a87b79.jpg?v=1520338924,Free Sample Pack,https://cdn.shopify.com/s/files/1/1057/3360/products/StickerShop_Sample_Packs_6586653d-3390-41f6-850a-5f5749a87b79.jpg?v=1520338924,105mm x 20mm Rectangle - Premium Paper - Printed Labels & Stickers,https://cdn.shopify.com/s/files/1/1057/3360/products/105mm-x-20mm-rectangle-premium-paper-printed-labels-stickers-1.jpg?v=1520338761,105mm x 20mm Rectangle - Premium Paper - Printed Labels & Stickers,https://cdn.shopify.com/s/files/1/1057/3360/products/105mm-x-20mm-rectangle-premium-paper-printed-labels-stickers-1.jpg?v=1520338761,110mm x 75mm Rectangle - Premium Paper - Printed Labels & Stickers,https://cdn.shopify.com/s/files/1/1057/3360/products/110mm-x-75mm-rectangle-premium-paper-printed-labels-stickers-1.jpg?v=1520338763
sweetlovingphotos.myshopify.com,None,None,None,Bronze Collection - 5 video tutorials,https://cdn.shopify.com/s/files/1/2535/0432/products/button_swee_bronze.jpg?v=1540655432,Golden Collection - ALL SHOP!!,https://cdn.shopify.com/s/files/1/2535/0432/products/button_sweet_gold.jpg?v=1538150940,Silver Collection - 10 videos,https://cdn.shopify.com/s/files/1/2535/0432/products/button_sweet_silver.jpg?v=1540655444,,,,
lenseyephotography.myshopify.com,None,None,None,Emotion Collection - 5 Videos,https://cdn.shopify.com/s/files/1/2552/9318/products/BOOX_3.jpg?v=1522838621,Soul Collection - 10 Videos,https://cdn.shopify.com/s/files/1/2552/9318/products/BOX_2.jpg?v=1522838613,THE VOYAGE - COMPLETE COLLECTION!!,https://cdn.shopify.com/s/files/1/2552/9318/products/boc1.jpg?v=1538230602,,,,
panoramatutorials.myshopify.com,None,https://www.facebook.com/ootsb,https://twitter.com/outofthesandbox,Braies Lake - Video Tutorial,https://cdn.shopify.com/s/files/1/2630/2072/products/BRAIES_LAKE.jpg?v=1513256067,Brooklyn Bridge - Video Tutorial,https://cdn.shopify.com/s/files/1/2630/2072/products/BROOKLYN.jpg?v=1513296645,Canyon - Camera Raw Collection,https://cdn.shopify.com/s/files/1/2630/2072/products/CAMERA_RAW_CANYON.jpg?v=1513086089,Cold Norway - Video Tutorial,https://cdn.shopify.com/s/files/1/2630/2072/products/COLD_NORMWAY.jpg?v=1513256093,Everest - Lightroom Collection,https://cdn.shopify.com/s/files/1/2630/2072/products/LIGHTROOM_EVEREST.jpg?v=1513514321
jomvape.myshopify.com,?subject=Check%20out%20CONTACT%20US&body=Check%20out%20CONTACT%20US,https://www.facebook.com/sharer/sharer.php?u=https://jomvape.com/pages/contact-us,https://twitter.com/intent/tweet?text=Check%20out%20CONTACT%20US: https://jomvape.com/pages/contact-us,BLVK Unicorn - Apple - 30ml,https://cdn.shopify.com/s/files/1/0081/1008/0057/products/BU_APPLE.png?v=1527104249,BLVK Unicorn - Apple - 30ml,https://cdn.shopify.com/s/files/1/0081/1008/0057/products/BU_APPLE.png?v=1527104249,BLVK Unicorn - Apple - 30ml,https://cdn.shopify.com/s/files/1/0081/1008/0057/products/BU_APPLE.png?v=1527104249,BLVK Unicorn - Apple - 30ml,https://cdn.shopify.com/s/files/1/0081/1008/0057/products/BU_APPLE.png?v=1527104249,BLVK Unicorn - Grape - 30ml,https://cdn.shopify.com/s/files/1/0081/1008/0057/products/BU_GRAPE.png?v=1527104124
cool-attitude.myshopify.com,None,https://www.facebook.com/coolattitudefr/,None,2018 Montre pour homme avec bracelet en cuir,https://cdn.shopify.com/s/files/1/0025/5108/7222/products/product-image-315612370.jpg?v=1534269927,L'ananas,https://cdn.shopify.com/s/files/1/0025/5108/7222/products/product-image-395442943.jpg?v=1541674397,L'infini,https://cdn.shopify.com/s/files/1/0025/5108/7222/products/product-image-655062569.jpg?v=1539204283,La Londonienne,https://cdn.shopify.com/s/files/1/0025/5108/7222/products/montre_tendance_grise_femme.png?v=1541607212,La Miami,https://cdn.shopify.com/s/files/1/0025/5108/7222/products/montre_tendance_quartz_fond_blanc.jpg?v=1540393775
mountain-goat-software.myshopify.com,None,http://www.facebook.com/MountainGoatSoftware,https://twitter.com/mikewcohn,Agile Estimating and Planning - Streaming,https://cdn.shopify.com/s/files/1/1798/0899/products/AEP_Course_Image.png?v=1498169744,Better User Stories - Professional,https://cdn.shopify.com/s/files/1/1798/0899/products/bus-mp3-artwork.png?v=1487799891,Better User Stories w/ Webinar AMC Bonus,https://cdn.shopify.com/s/files/1/1798/0899/products/bus-mp3-artwork_40499ba4-2401-404b-bc4d-6560591f91a2.png?v=1541103414,Let Go of Knowing - Streaming,https://cdn.shopify.com/s/files/1/1798/0899/products/let-go-of-knowing_1461691553.png?v=1499292489,Scrum Repair Guide - Streaming,https://cdn.shopify.com/s/files/1/1798/0899/products/scrum-repair-guide_66d37f91-9724-4d90-80be-0fee325e9f84.png?v=1498169866
travelshoot.myshopify.com,info@travelshoot.com,https://www.facebook.com/travelshoot.co,https://twitter.com/travelshootco,Travelshoot Gift Card,https://cdn.shopify.com/s/files/1/0684/3259/products/travelshoot-gift-card.png?v=1426121365,Adelaide,https://cdn.shopify.com/s/files/1/0684/3259/products/MKC8969_b47ab36a-9043-464f-a507-8e4e9db225ce.jpg?v=1534388224,Auckland,https://cdn.shopify.com/s/files/1/0684/3259/products/Lynlee-1.jpg?v=1505772636,Blue Mountains,https://cdn.shopify.com/s/files/1/0684/3259/products/KOU_8471.jpg?v=1505774869,Brisbane,https://cdn.shopify.com/s/files/1/0684/3259/products/Screen_Shot_2016-12-22_at_1.24.44_pm.png?v=1534389499
syntricate-com-au.myshopify.com,info@syntricate.com.au,https://www.facebook.com/syntricate.com.au,//twitter.com/share,iOTTIE EASY ONE TOUCH 4 AIR VENT UNIVERSAL CAR MOUNT HOLDER CRADLE,https://cdn.shopify.com/s/files/1/1824/1801/products/iz1pozilgrg.jpg?v=1525671650,B&O PLAY BY BANG & OLUFSEN BEOPLAY H5 WIRELESS BLUETOOTH EARPHONES  - BLACK,https://cdn.shopify.com/s/files/1/1824/1801/products/upceqvj0dxp.jpg?v=1538614623,BRYDGE FLEXIBLE TEMPERED GLASS SCREEN PROTECTOR FOR SURFACE PRO 5/PRO 4/PRO 3,https://cdn.shopify.com/s/files/1/1824/1801/products/gwq1f503erf.jpg?v=1541734910,BRYDGE FLEXIBLE TEMPERED GLASS SCREEN PROTECTOR FOR SURFACE PRO 5/PRO 4/PRO 3,https://cdn.shopify.com/s/files/1/1824/1801/products/gwq1f503erf.jpg?v=1541734910,BRYDGE FLEXIBLE TEMPERED GLASS SCREEN PROTECTOR FOR SURFACE PRO 5/PRO 4/PRO 3,https://cdn.shopify.com/s/files/1/1824/1801/products/gwq1f503erf.jpg?v=1541734910
jipfishnl.myshopify.com,None,None,None,,,,,,,,,,
mcafee-institute-inc.myshopify.com,support@mcafeeinstitute.com,https://www.facebook.com/mcafeeinstitute,https://twitter.com/mcafeeinstitute,Certified Cyber Intelligence Investigator (CCII),https://cdn.shopify.com/s/files/1/1049/6376/products/9_ce99ad8f-6101-49fc-bb3c-e6582eba085e.png?v=1523775000,Certified Social Media Intelligence Analyst (SMIA),https://cdn.shopify.com/s/files/1/1049/6376/products/10.png?v=1523775295,Certified Human Trafficking Investigator (CHTI),https://cdn.shopify.com/s/files/1/1049/6376/products/6_141b84bc-4e72-4293-8fcd-59b422ab817e.png?v=1523761753,Certified Organized Retail Crime Investigator (CORCI),https://cdn.shopify.com/s/files/1/1049/6376/products/2_8513c635-f9b8-4bcd-bde2-8e66ff5dce69.png?v=1523775200,Certified Cyber Intelligence Professional (CCIP),https://cdn.shopify.com/s/files/1/1049/6376/products/5_1ac4014b-d86d-4632-b8a8-06079c80da07.png?v=1523775044
tatamiwholesale.myshopify.com,None,//www.facebook.com/sharer.php?u=https://tatamiwholesale.myshopify.com,//twitter.com/share?text=Tatami%20Wholesale&url=https://tatamiwholesale.myshopify.com&source=webclient,,,,,,,,,,
aarding-org.myshopify.com,info@aarding.org,https://www.facebook.com/aarding.org/,None,,,,,,,,,,
goodcuff.myshopify.com,namaste@malaprayer.com,https://www.facebook.com/malaprayer,None,Mala Mindful Box,https://cdn.shopify.com/s/files/1/0149/3694/products/MP.unboxingGIF-3.jpg?v=1528733041,Mala Mindful Box,https://cdn.shopify.com/s/files/1/0149/3694/products/MP.unboxingGIF-3.jpg?v=1528733041,Abhetri,https://cdn.shopify.com/s/files/1/0149/3694/products/ZJ999030-1.JPG?v=1527619069,Acala,https://cdn.shopify.com/s/files/1/0149/3694/products/ZJ999019-1.JPG?v=1537894727,Acala Mala Bracelet,https://cdn.shopify.com/s/files/1/0149/3694/products/ZJ999065-1.JPG?v=1527875535
gustation-catering.myshopify.com,None,None,None,Antipasto Platter,https://cdn.shopify.com/s/files/1/0021/5790/3925/products/Menu0950.jpg?v=1533253064,Antipasto Platter,https://cdn.shopify.com/s/files/1/0021/5790/3925/products/Menu0950.jpg?v=1533253064,Apple and Pecan Tea Cake,https://cdn.shopify.com/s/files/1/0021/5790/3925/products/Menu0070.jpg?v=1533253185,Apple and Pecan Tea Cake,https://cdn.shopify.com/s/files/1/0021/5790/3925/products/Menu0070.jpg?v=1533253185,Asian Street Food Platter,https://cdn.shopify.com/s/files/1/0021/5790/3925/products/Menu0662.jpg?v=1533253449
just4youonlineuk.myshopify.com,None,https://www.facebook.com/just4youonlineuk/,https://mobile.twitter.com/Just4youUk,Abalone Polished Shells,https://cdn.shopify.com/s/files/1/2250/3519/products/Abalone_polished_shells_decoration_stones_gems_crystals_for_resin_art_work_craft_geode_art_uk_wholesale_bulk.jpg?v=1538418237,Agate Mini Geodes,https://cdn.shopify.com/s/files/1/2250/3519/products/Agate_mini_blue_geode_rocks_for_resin_art_embellishment_crystal_rocks_gems_stones_rough_natural.jpg?v=1540574848,Allure Biodegradable Glitter,https://cdn.shopify.com/s/files/1/2250/3519/products/Biodegradable_Glitter_Chunky_Allure_Mix_Bulk_Glitter_Wholesale_UK_supplier_Eco_Friendly.jpg?v=1534178641,Amethyst Rough Crystals,https://cdn.shopify.com/s/files/1/2250/3519/products/Rough_crystals_amethyst_stones_rocks_natural_healing_crystals_embellishments_art_craft_resin_decoration.jpg?v=1538325573,Apophyllite Crystal Tips,https://cdn.shopify.com/s/files/1/2250/3519/products/Apophyllite_Medium_Crystal_Tips_for_resin_art_craft_smooth_points_gems_stones_rocks.jpg?v=1538324517
gadgetbeautycom.myshopify.com,None,None,None,"""COCO LUXURY"" iPhone's Fashion Phone Case",https://cdn.shopify.com/s/files/1/2462/7509/products/luxury-leather-wristband-phone-case-elegant.jpg?v=1535281044,"""MEAL BUDDY"" 2018 Super-Bowl Food Phone Stand",https://cdn.shopify.com/s/files/1/2462/7509/products/five.png?v=1526461564,*Full Protective* & front saver Case For S7 S7 edge,https://cdn.shopify.com/s/files/1/2462/7509/products/41L4RHB3KaL.jpg?v=1521035526,12 Color Set Waterproof  Makeup Lip Liner Pencil,https://cdn.shopify.com/s/files/1/2462/7509/products/product-image-387172665.jpg?v=1510841079,12 Colors Glitters Eyeshadow Diamond MakeUp Palette,https://cdn.shopify.com/s/files/1/2462/7509/products/product-image-438228209.jpg?v=1521738530
blacksnowno.myshopify.com,None,https://www.facebook.com/blacksnowaction/,None,ABS Vario 18 Zip on Pack 2018,https://cdn.shopify.com/s/files/1/2977/4964/products/abs-vario-18-zip-on-pack-2018-blackorange--81170110.jpg?v=1539947713,ABS Vario 18 Zip on Pack 2018,https://cdn.shopify.com/s/files/1/2977/4964/products/abs-vario-18-zip-on-pack-2018-blackorange--81170110.jpg?v=1539947713,Appertiff Bruce Linse,https://cdn.shopify.com/s/files/1/2977/4964/products/appertiff-bruce-linse-pink-mirror-lpsa1603.jpg?v=1539950718,Appertiff Bruce Linse,https://cdn.shopify.com/s/files/1/2977/4964/products/appertiff-bruce-linse-pink-mirror-lpsa1603.jpg?v=1539950718,Appertiff CRB All Blacks Goggles 2019,https://cdn.shopify.com/s/files/1/2977/4964/products/CRB01.jpg?v=1539950725
aowholesale.myshopify.com,None,https://www.facebook.com/amazingoils,https://www.twitter.com/TheAmazingOils,200ml Magnesium Pro Spray,https://cdn.shopify.com/s/files/1/2290/1087/products/Pain-Relief-Spray.jpg?v=1541487864,Amazing Oils BABY Info Sheet,https://cdn.shopify.com/s/files/1/2290/1087/products/Baby_Info_Sheet.jpg?v=1511500788,Amazing Oils NARURAL RELIEF Info Sheet,https://cdn.shopify.com/s/files/1/2290/1087/products/Pain_Relief_Info_Sheet.jpg?v=1511500795,Amazing Oils Posters A3 V1,https://cdn.shopify.com/s/files/1/2290/1087/products/AO_A4_poster_girl-_redesign_PROOF_2.jpg?v=1511499864,Amazing Oils Posters A3 V2,https://cdn.shopify.com/s/files/1/2290/1087/products/AO_A4_poster-_redesign_PROOF2__1.jpg?v=1511499710
benfashion.myshopify.com,None,//facebook.com/benoitfashion/,None,'BeDSM' Printed Basic BlackT-Shirt,https://cdn.shopify.com/s/files/1/0054/9260/5043/products/a3ea90467770f2839580719ecf03aa22.jpg?v=1529522270,'BeDSM' Printed Basic BlackT-Shirt,https://cdn.shopify.com/s/files/1/0054/9260/5043/products/a3ea90467770f2839580719ecf03aa22.jpg?v=1529522270,'BeDSM' Printed Basic BlackT-Shirt,https://cdn.shopify.com/s/files/1/0054/9260/5043/products/a3ea90467770f2839580719ecf03aa22.jpg?v=1529522270,'BITCHES LOVE CAKE' Printed Basic T-shirt,https://cdn.shopify.com/s/files/1/0054/9260/5043/products/3ab990e05ea41e2074ca713f75dae166.jpg?v=1529522195,'BITCHES LOVE CAKE' Printed Basic T-shirt,https://cdn.shopify.com/s/files/1/0054/9260/5043/products/3ab990e05ea41e2074ca713f75dae166.jpg?v=1529522195
bella-today.myshopify.com,None,https://www.facebook.com/bellastoday,None,2 Piece Appliques Dress Black,https://cdn.shopify.com/s/files/1/0088/6223/6729/products/black2p.png?v=1529138000,2 Piece Set Summer Vintage Boho Beach Floral,https://cdn.shopify.com/s/files/1/0088/6223/6729/products/product-image-464106220.jpg?v=1527088587,2018 Beach dress sexy dresses boho  hippie chic,https://cdn.shopify.com/s/files/1/0088/6223/6729/products/product-image-732825017.jpg?v=1532276508,2018 Fashion flower print maxi dress,https://cdn.shopify.com/s/files/1/0088/6223/6729/products/product-image-727976683.jpg?v=1531932770,2018 New Arrivals Sexy Summer Dress Club Wear,https://cdn.shopify.com/s/files/1/0088/6223/6729/products/product-image-721617744.jpg?v=1531921975
abc-bullion-jewellery.myshopify.com,info@gemmastone.com.au,https://facebook.com/gemmastonejewellery,None,18ct Adjustable Rope Chain,https://cdn.shopify.com/s/files/1/0582/2433/products/Rope-Necklace-1.jpg?v=1535160374,18ct Adjustable Rope Chain,https://cdn.shopify.com/s/files/1/0582/2433/products/Rope-Necklace-1.jpg?v=1535160374,"18ct Diamond ""Mrs"" Necklace",https://cdn.shopify.com/s/files/1/0582/2433/products/36425-NECKLACE.jpg?v=1539998657,"18ct Diamond ""Mrs"" Necklace",https://cdn.shopify.com/s/files/1/0582/2433/products/36425-NECKLACE.jpg?v=1539998657,"18ct Diamond ""Trident"" Necklace",https://cdn.shopify.com/s/files/1/0582/2433/products/NECKLACE1.jpg?v=1539998659
furbo-global.myshopify.com,None,None,None,Furbo Dog Camera,https://cdn.shopify.com/s/files/1/2525/9392/products/product-web.jpg?v=1523505456,Furbo Dog Camera,https://cdn.shopify.com/s/files/1/2525/9392/products/product-web.jpg?v=1523505456,Furbo Dog Camera,https://cdn.shopify.com/s/files/1/2525/9392/products/product-web.jpg?v=1523505456,Furbo Dog Camera,https://cdn.shopify.com/s/files/1/2525/9392/products/product-web.jpg?v=1523505456,Furbo Dog Camera,https://cdn.shopify.com/s/files/1/2525/9392/products/product-web.jpg?v=1523505456
karigar-amsterdam.myshopify.com,info@karigar.nl,https://www.facebook.com/Karigar-874560465952375/,None,Cape Amsterdam,https://cdn.shopify.com/s/files/1/1526/4954/products/KARIGAR_Cape_Amsterdam_01_WEB.jpg?v=1539775044,Cape Amsterdam,https://cdn.shopify.com/s/files/1/1526/4954/products/KARIGAR_Cape_Amsterdam_01_WEB.jpg?v=1539775044,Cape Berlin,https://cdn.shopify.com/s/files/1/1526/4954/products/Karigar-CAPE-Green_c3c3035e-4e96-4842-89a8-8d8f8de9ec9e.jpg?v=1539775527,Cape Berlin,https://cdn.shopify.com/s/files/1/1526/4954/products/Karigar-CAPE-Green_c3c3035e-4e96-4842-89a8-8d8f8de9ec9e.jpg?v=1539775527,Cape Boston,https://cdn.shopify.com/s/files/1/1526/4954/products/20170716_Karigar-03-11575.jpg?v=1539775605
lakanto-usa.myshopify.com,None,https://www.facebook.com/Lakanto,None,Almond Sugar Free 55% Chocolate Bars,https://cdn.shopify.com/s/files/1/1862/6251/products/ChocolateBarAlmond_Front.jpg?v=1540603294,Cacao Nibs Sugar Free 55% Chocolate Bars,https://cdn.shopify.com/s/files/1/1862/6251/products/ChocolateBarCoconibs_Front.jpg?v=1522252126,Caramel Flavoring Syrup,https://cdn.shopify.com/s/files/1/1862/6251/products/SyrupCaramel_Front_NA.jpg?v=1540248960,Chocolate Liquid Monkfruit Extract,https://cdn.shopify.com/s/files/1/1862/6251/products/ChocolateLQS_Front_8854025f-bc6f-490a-bac6-07b3c2520fda.jpg?v=1521675902,Classic Bulk 25KG,None
skulls-unlimited-international-inc.myshopify.com,Sales@skullsunlimited.com,https://www.facebook.com/Skullsunlimitedinternational/,https://twitter.com/skullsunlimited,,,,,,,,,,
dxracer-europe1.myshopify.com,None,//www.facebook.com/sharer.php?u=https://dxracer-europe1.myshopify.com,//twitter.com/share?text=&url=https://dxracer-europe1.myshopify.com,,,,,,,,,,
harper-ari.myshopify.com,None,None,None,6 Cube Special Jar,None,Apricot Sugar Cubes,https://cdn.shopify.com/s/files/1/1960/8601/products/Apricot-1.jpg?v=1537797813,Best Sellers Gift Set,https://cdn.shopify.com/s/files/1/1960/8601/products/02exfoliating-surgar-cubes-best-sellers_grande_2321d54b-033e-48ad-8774-b3de1fb2f30f.jpg?v=1525275627,Blue Raspberry Sugar Cubes,https://cdn.shopify.com/s/files/1/1960/8601/products/BlueRaspberry-1_4b51c818-2282-4221-9dee-c15899366a8f.jpg?v=1537798464,Bruch Collection Gift Set,https://cdn.shopify.com/s/files/1/1960/8601/products/01exfoliating-surgar-cubes-brunch_grande_0603363f-4d73-4c1c-b581-6bd26ea8059b.jpg?v=1525275677
runtime-nutrition-testground.myshopify.com,None,https://www.facebook.com/Runtimegg/,https://twitter.com/RuntimeGG,Next Level Meal Tubs,https://cdn.shopify.com/s/files/1/0009/2916/9461/products/Tubs__10.jpg?v=1535715370,Next Level Meal Tubs,https://cdn.shopify.com/s/files/1/0009/2916/9461/products/Tubs__10.jpg?v=1535715370,Next Level Meal Tubs,https://cdn.shopify.com/s/files/1/0009/2916/9461/products/Tubs__10.jpg?v=1535715370,Next Level Meal Tubs,https://cdn.shopify.com/s/files/1/0009/2916/9461/products/Tubs__10.jpg?v=1535715370,Next Level Meal,https://cdn.shopify.com/s/files/1/0009/2916/9461/products/nlm_front_7_in_a_row.jpg?v=1538133520
bougaricci.myshopify.com,info@bougaricci.com,https://www.facebook.com/bougaricci/,https://twitter.com/uprightmarcus,Bougabunker Party,https://cdn.shopify.com/s/files/1/0661/5325/products/4_mai_sold_out.jpg?v=1524178151,Bougabunker Party,https://cdn.shopify.com/s/files/1/0661/5325/products/4_mai_sold_out.jpg?v=1524178151,3/4 Pants,https://cdn.shopify.com/s/files/1/0661/5325/products/DSF4689.jpg?v=1513985026,3/4 Pants,https://cdn.shopify.com/s/files/1/0661/5325/products/DSF4689.jpg?v=1513985026,3/4 Queensta,https://cdn.shopify.com/s/files/1/0661/5325/products/momass_copy.jpg?v=1533920009
dollardiscountclub.myshopify.com,info@dollardiscountclub.shop,None,None,2X Squat Magic,https://cdn.shopify.com/s/files/1/0008/5678/4951/products/4101000_20180323T215103_caa5e492-a333-4023-a378-1ebc09461484.jpeg?v=1529412797,2X Squat Magic,https://cdn.shopify.com/s/files/1/0008/5678/4951/products/4101000_20180323T215103_caa5e492-a333-4023-a378-1ebc09461484.jpeg?v=1529412797,2X Squat Magic,https://cdn.shopify.com/s/files/1/0008/5678/4951/products/4101000_20180323T215103_caa5e492-a333-4023-a378-1ebc09461484.jpeg?v=1529412797,2X Ultrasound Lift ™,https://cdn.shopify.com/s/files/1/0008/5678/4951/products/HTB.png?v=1531829743,2X Ultrasound Lift ™,https://cdn.shopify.com/s/files/1/0008/5678/4951/products/HTB.png?v=1531829743
modwalls.myshopify.com,None,https://www.facebook.com/sharer/sharer.php?u=https://modwalls.myshopify.com,https://twitter.com/intent/tweet?url=https://modwalls.myshopify.com&via=&text=Modwalls,,,,,,,,,,
inspired-t-shop.myshopify.com,None,https://www.facebook.com/allthingsbyfaith/,https://twitter.com/allthings_faith,All Things Are Possible Kids Christian Sweatshirt Hoodie,https://cdn.shopify.com/s/files/1/1625/0369/products/sweatshirts-all-things-are-possible-kids-christian-sweatshirt-hoodie-1.jpg?v=1536765741,All Things Are Possible Kids Christian Sweatshirt Hoodie,https://cdn.shopify.com/s/files/1/1625/0369/products/sweatshirts-all-things-are-possible-kids-christian-sweatshirt-hoodie-1.jpg?v=1536765741,All Things Are Possible Toddler Christian Short Sleeve T Shirt,https://cdn.shopify.com/s/files/1/1625/0369/products/t-shirts-all-things-are-possible-toddler-christian-short-sleeve-t-shirt-1.jpg?v=1536768447,All Things Are Possible Toddler Christian Short Sleeve T Shirt,https://cdn.shopify.com/s/files/1/1625/0369/products/t-shirts-all-things-are-possible-toddler-christian-short-sleeve-t-shirt-1.jpg?v=1536768447,All Things Are Possible Youth Jersey Short Sleeve Christian T Shirt,https://cdn.shopify.com/s/files/1/1625/0369/products/t-shirts-all-things-are-possible-youth-jersey-short-sleeve-christian-t-shirt-1.jpg?v=1536766145
simba-mattress.myshopify.com,None,https://www.facebook.com/Simbasleep/,https://twitter.com/SimbaSleep/,Simba Hybrid® Mattress,https://cdn.shopify.com/s/files/1/1059/4836/products/New-Hybrid-Mattress_Cart-Image_2.png?v=1535981718,Simba Hybrid Bunk Bed Mattress,https://cdn.shopify.com/s/files/1/1059/4836/products/Bunk-Bed-Mattress.png?v=1524586636,Simba Hybrid® Cot Mattress,https://cdn.shopify.com/s/files/1/1059/4836/products/Cot-Bed-Mattress.png?v=1524586653,Simba Hybrid® Duvet with OUTLAST®,https://cdn.shopify.com/s/files/1/1059/4836/products/Hybrid-Duvet-with-OUTLAST.png?v=1524586694,Simba Bed with Headboard,https://cdn.shopify.com/s/files/1/1059/4836/products/Upholstered-Bed-Base_92476487-f5d3-4acc-a09f-7314e5f0c84c.png?v=1524580201
animekun.myshopify.com,None,None,None,,,,,,,,,,
paperlessmovementstore.myshopify.com,None,https://www.facebook.com/TomSolidLive,https://twitter.com/paperlessmove,Dad hat - #PaperlessMovement Logo,https://cdn.shopify.com/s/files/1/0086/7758/9050/products/mockup-8f77bdf6.jpg?v=1527277761,Dad hat - #PaperlessMovement Logo,https://cdn.shopify.com/s/files/1/0086/7758/9050/products/mockup-8f77bdf6.jpg?v=1527277761,Dad hat - #PaperlessMovement Logo,https://cdn.shopify.com/s/files/1/0086/7758/9050/products/mockup-8f77bdf6.jpg?v=1527277761,iPhone Case - #PaperlessMovement Logo,https://cdn.shopify.com/s/files/1/0086/7758/9050/products/mockup-cdf6a505.jpg?v=1527101004,iPhone Case - #PaperlessMovement Logo,https://cdn.shopify.com/s/files/1/0086/7758/9050/products/mockup-cdf6a505.jpg?v=1527101004
ballrcase.myshopify.com,None,https://www.facebook.com/BallrCase-1154788964662226/,https://twitter.com/BallrCase?lang=fr,COQUE PERSONNALISABLE -  TURQUIE,https://cdn.shopify.com/s/files/1/0014/4172/6519/products/Coque_site_Iphone_x_7c21e666-fed7-40b4-9d1d-e89828613803.png?v=1534943834,COQUE PERSONNALISABLE - ALGERIE DOMICILE,https://cdn.shopify.com/s/files/1/0014/4172/6519/products/Coque_site_Iphone_x_4ad812a1-ac51-4008-9ff8-dcdf75386490.png?v=1534943403,COQUE PERSONNALISABLE - ALLEMAGNE DOMICILE,https://cdn.shopify.com/s/files/1/0014/4172/6519/products/Coque_site_Iphone_x_ccfbbfa3-dbda-4f63-a07c-c8d4196351a5.png?v=1529542105,COQUE PERSONNALISABLE - ALLEMAGNE EXTERIEUR,https://cdn.shopify.com/s/files/1/0014/4172/6519/products/Coque_site_Iphone_x_bcea526a-7c76-410d-8536-b2f95a3a1f6d.png?v=1529542117,COQUE PERSONNALISABLE - AMIENS DOMICILE,https://cdn.shopify.com/s/files/1/0014/4172/6519/products/Coque_site_Iphone_x_17e11bee-15d6-44ef-88e4-51e24b37d3f0.png?v=1534768395
kickboxology.myshopify.com,None,None,None,Kickboxlogy Protective Hand Wraps,https://cdn.shopify.com/s/files/1/0060/7246/7571/products/Wraps1.png?v=1529345618,Kickboxology Gloves,https://cdn.shopify.com/s/files/1/0060/7246/7571/products/Gloves_2.png?v=1529345112,"KICKBOXOLOGY EDUCATIONAL WORKSHOP - AUGUST 31st, 2018 - GREENVILLE, SC",https://cdn.shopify.com/s/files/1/0060/7246/7571/products/Screen_Shot_2018-06-20_at_9.47.36_AM.png?v=1529502553,"KICKBOXOLOGY EDUCATIONAL WORKSHOP - OCTOBER 14th, 2018 - GREENVILLE, SC",https://cdn.shopify.com/s/files/1/0060/7246/7571/products/Screen_Shot_2018-06-20_at_9.47.36_AM_fe2d1930-a006-4456-be1f-843852ebdda8.png?v=1529504320,,
sunpotion.myshopify.com,order@sunpotion.com,https://www.facebook.com/sunpotionsuperfoods/,None,White Dragon Matcha,https://cdn.shopify.com/s/files/1/0200/0556/products/MG_2221.jpg?v=1510585803,White Dragon Matcha,https://cdn.shopify.com/s/files/1/0200/0556/products/MG_2221.jpg?v=1510585803,YIN POWER,https://cdn.shopify.com/s/files/1/0200/0556/products/IJCW_S80.jpeg?v=1534774997,"Pearl Powder (sustainable, freshwater)",https://cdn.shopify.com/s/files/1/0200/0556/products/MG_3122.jpg?v=1518224796,Ashwagandha (Organic),https://cdn.shopify.com/s/files/1/0200/0556/products/MG_1614_f6f7a60c-8987-45e0-9e72-4748eca53d60.jpg?v=1510002504
nauticamphoto.myshopify.com,None,https://www.facebook.com/nauticaminternational/,None,NA-D850 Housing for Nikon D850 Camera,https://cdn.shopify.com/s/files/1/2305/1013/products/B46I9589.jpg?v=1523313482,NA-Z7 Housing for Nikon Z7/Z6 Cameras,https://cdn.shopify.com/s/files/1/2305/1013/products/16114_39.jpg?v=1539983142,NA-GH5 Housing for Panasonic Lumix GH5/GH5S Camera,https://cdn.shopify.com/s/files/1/2305/1013/products/B46I9287.jpg?v=1515014084,NA-RX100VI Housing for Sony DSC-RX100 VI Digital Camera,https://cdn.shopify.com/s/files/1/2305/1013/products/17412_1.jpg?v=1532733615,0.25kg Trim Weights ~for 16227 (4 Pcs),https://cdn.shopify.com/s/files/1/2305/1013/products/JuanNauticam--3.jpg?v=1525706892
inkaparis.myshopify.com,None,https://www.facebook.com/INKAPANAMAPARIS,None,Encre INKA,https://cdn.shopify.com/s/files/1/2784/1080/products/109A2543-min.jpg?v=1519051067,Encre INKA,https://cdn.shopify.com/s/files/1/2784/1080/products/109A2543-min.jpg?v=1519051067,Encre INKA,https://cdn.shopify.com/s/files/1/2784/1080/products/109A2543-min.jpg?v=1519051067,Encre INKA,https://cdn.shopify.com/s/files/1/2784/1080/products/109A2543-min.jpg?v=1519051067,Encre INKA,https://cdn.shopify.com/s/files/1/2784/1080/products/109A2543-min.jpg?v=1519051067
mothercity-liquor-store.myshopify.com,None,https://www.facebook.com/MotherCityBrewing/,None,100 Pipers Scotch Whisky 750ml,https://cdn.shopify.com/s/files/1/3026/9496/products/100_pipers.jpg?v=1540566173,4th Street Sweet Rosé 1.5L,https://cdn.shopify.com/s/files/1/3026/9496/products/4th_street_1.5L.jpg?v=1526643887,4th Street Sweet Rosé 5L,https://cdn.shopify.com/s/files/1/3026/9496/products/4th_street.jpg?v=1524745946,Absolut Imported Vodka 750ml,https://cdn.shopify.com/s/files/1/3026/9496/products/MIN927615EAA.jpg?v=1519233124,African Gold Premium Beer (6 x 340ml NRB),https://cdn.shopify.com/s/files/1/3026/9496/products/Screenshot_20181014-121336_Drive_1a315fb5-6f36-455d-8c6d-83fc437c0096.jpg?v=1541155022
callitspace.myshopify.com,None,https://l.facebook.com/l.php?u=https%3A%2F%2Ffb.me%2Fcallitspace&h=ATO3KuCKnhzKsY-x84gHWq1h742MbIb1AD3VyUDFBxuRD21QfJnbB-Kd6SSGLP7TTjaSX55-AVHK6Izng95LOyjoVEpMZWWrqNmYjdezhH6szCO3nDg2EHMCBl0,https://twitter.com/callitspace,12 HOOKS OVER THE DOOR HANGER - WHITE KNOBS,https://cdn.shopify.com/s/files/1/0016/7968/7732/products/ae724badc32981ddddb9722ca4be4bfc.jpg?v=1524347500,12 HOOKS OVER THE DOOR HANGER - WHITE KNOBS,https://cdn.shopify.com/s/files/1/0016/7968/7732/products/ae724badc32981ddddb9722ca4be4bfc.jpg?v=1524347500,12 SPACES CLEAR ACRYLIC LIPSTICK HOLDER,https://cdn.shopify.com/s/files/1/0016/7968/7732/products/93cae6fe720cbf8ef295c3ef96011873.jpg?v=1523914549,12 SPACES CLEAR ACRYLIC LIPSTICK HOLDER,https://cdn.shopify.com/s/files/1/0016/7968/7732/products/93cae6fe720cbf8ef295c3ef96011873.jpg?v=1523914549,15 HOLES SCARF HANGER,https://cdn.shopify.com/s/files/1/0016/7968/7732/products/4bb77eaf495842c6b4e11fd1d1876c99.jpg?v=1523914767
intent-to-supply.myshopify.com,None,None,http://twitter.com/stuartsemple,*POWDER PACK - the world's colouriest powder paints 4 x 50g by Stuart Semple,https://cdn.shopify.com/s/files/1/1543/0863/products/POWDERPACK_WEB2.jpg?v=1511429292,*THE WORLD'S GOLDEST GOLD - metallic acrylic paint by Stuart Semple 30ml,https://cdn.shopify.com/s/files/1/1543/0863/products/sadfgh.jpg?v=1527175131,*THE WORLD'S GREENEST GREEN- 50g powdered paint by Stuart Semple,https://cdn.shopify.com/s/files/1/1543/0863/products/GREENMAIN.jpg?v=1483095637,*THE WORLD'S LOVELIEST BLUE- 50g powdered paint by Stuart Semple,https://cdn.shopify.com/s/files/1/1543/0863/products/BLUEMAIN.jpg?v=1487681632,*THE WORLD'S MOST GLITTERY GLITTER- 75g diamond dust by Stuart Semple,https://cdn.shopify.com/s/files/1/1543/0863/products/Diamond_Dust_web-22.jpg?v=1481398227
lashboxla-nl.myshopify.com,info@lashboxla.nl,https://www.facebook.com/lashboxNL/,None,2D Volume - Royal Sable | 0.12 mm,https://cdn.shopify.com/s/files/1/0043/3461/6694/products/RoyalSableLash0012.jpg?v=1528286207,2D Volume - Royal Sable | 0.12 mm,https://cdn.shopify.com/s/files/1/0043/3461/6694/products/RoyalSableLash0012.jpg?v=1528286207,2D Volume - Royal Sable | 0.12 mm,https://cdn.shopify.com/s/files/1/0043/3461/6694/products/RoyalSableLash0012.jpg?v=1528286207,Anti Allergie Gel,https://cdn.shopify.com/s/files/1/0043/3461/6694/products/Anti-allergy.png?v=1528286179,Anti Allergie Gel,https://cdn.shopify.com/s/files/1/0043/3461/6694/products/Anti-allergy.png?v=1528286179
lashboxla-de.myshopify.com,info@lashboxla.de,https://www.facebook.com/lashboxlagermany/,None,2D Volume - Royal Sable | 0.12 mm,https://cdn.shopify.com/s/files/1/0047/5935/5507/products/RoyalSableLash0012.jpg?v=1528293555,2D Volume - Royal Sable | 0.12 mm,https://cdn.shopify.com/s/files/1/0047/5935/5507/products/RoyalSableLash0012.jpg?v=1528293555,2D Volume - Royal Sable | 0.12 mm,https://cdn.shopify.com/s/files/1/0047/5935/5507/products/RoyalSableLash0012.jpg?v=1528293555,Anti Allergie Gel,https://cdn.shopify.com/s/files/1/0047/5935/5507/products/Anti-allergy.png?v=1528293533,Anti Allergie Gel,https://cdn.shopify.com/s/files/1/0047/5935/5507/products/Anti-allergy.png?v=1528293533
khiry-dev.myshopify.com,customercare@khiry.com,https://www.facebook.com/khiryofficial/,None,,,,,,,,,,
smith-smith-australasia-pty-limited.myshopify.com,None,https://www.facebook.com/smithandsmithlighting/,None,Ashter Lantern Pendant Light,https://cdn.shopify.com/s/files/1/2529/3954/products/DSC_0129-2-web.jpg?v=1541413458,Baz Drum Pendant Light,https://cdn.shopify.com/s/files/1/2529/3954/products/DSC_0022-2-web-low_stock.png?v=1541835235,Brady '220' Pendant,https://cdn.shopify.com/s/files/1/2529/3954/products/DSC_0006-2-web_792d8600-bb14-4682-9d38-544a42f1ec0c.jpg?v=1541419541,Brady '250' Pendant,https://cdn.shopify.com/s/files/1/2529/3954/products/DSC_0022-2-web_f771c26e-2110-470a-b515-ba12b85c2f13.jpg?v=1541419649,Brady '300' Pendant,https://cdn.shopify.com/s/files/1/2529/3954/products/DSC_0012-2-web_257bf822-2d0b-4cba-a891-aac31cf8224c.jpg?v=1541419691
gigantic-april.myshopify.com,None,https://www.facebook.com/Marbenodk-122052661997631/,None,Måne Lampe,https://cdn.shopify.com/s/files/1/0016/4957/3949/products/pic2_768x_5255e31a-a987-4e4b-9bcd-7b6b1e80eddc.jpg?v=1524517766,Måne Lampe,https://cdn.shopify.com/s/files/1/0016/4957/3949/products/pic2_768x_5255e31a-a987-4e4b-9bcd-7b6b1e80eddc.jpg?v=1524517766,Grab'n Go Kosmetik Taske,https://cdn.shopify.com/s/files/1/0016/4957/3949/products/product-image-539469161.jpg?v=1522537715,Grab'n Go Kosmetik Taske,https://cdn.shopify.com/s/files/1/0016/4957/3949/products/product-image-539469161.jpg?v=1522537715,Perfect Carpet™ (4 stk.),https://cdn.shopify.com/s/files/1/0016/4957/3949/products/product-image-309931699.jpg?v=1524264530
denalihomecollection.myshopify.com,orders@denalihome.com,https://www.facebook.com/DenaliHomeCollection,https://www.twitter.com/DenaliHC,Denali Supreme Down Under Fitted Wool Mattress Pad,https://cdn.shopify.com/s/files/1/1960/5457/products/22615154_MattressPad_WhtBkgd.jpg?v=1541791775,Relief Blanket,https://cdn.shopify.com/s/files/1/1960/5457/products/ReliefBlanket1.jpg?v=1510590374,Denali Supreme Down Under Fitted Wool Mattress Pad,https://cdn.shopify.com/s/files/1/1960/5457/products/22615154_MattressPad_WhtBkgd.jpg?v=1541791775,Relief Blanket,https://cdn.shopify.com/s/files/1/1960/5457/products/ReliefBlanket1.jpg?v=1510590374,Alabama Crimson Tide,https://cdn.shopify.com/s/files/1/1960/5457/products/Alabama_60x72_2.jpg?v=1493319236
modwallstest1.myshopify.com,None,https://www.facebook.com/sharer/sharer.php?u=https://modwallstest1.myshopify.com,https://twitter.com/intent/tweet?url=https://modwallstest1.myshopify.com&via=&text=modwallstest1,,,,,,,,,,
437swim.myshopify.com,None,None,None,THE AUBREY BOTTOMS / BLACK,https://cdn.shopify.com/s/files/1/2112/6981/products/Aubrey_Black_1_62fe0604-20af-4f7e-b2d9-9436afdac407.jpg?v=1532466363,,,,,,,,
nitecore-lights.myshopify.com,None,https://www.facebook.com/NitecoreSingapore,None,TINI - 380 lumens,https://cdn.shopify.com/s/files/1/0207/6514/products/OL-black.png?v=1508848327,Tip SS (Stainless Steel) - 360 lumens,https://cdn.shopify.com/s/files/1/0207/6514/products/image.png?v=1502285821,Tip (Aluminum) - 360 lumens,https://cdn.shopify.com/s/files/1/0207/6514/products/black.png?v=1509974298,LA10 - 135 lumens,https://cdn.shopify.com/s/files/1/0207/6514/products/la10-main.png?v=1471669794,LA10 CRI - 85 lumens,https://cdn.shopify.com/s/files/1/0207/6514/products/LA10cri-red.png?v=1516631647
shop-purpleknowledgelab-com.myshopify.com,None,https://web.facebook.com/groups/1640236039387369/,None,ADS Black T-Shirt,https://cdn.shopify.com/s/files/1/0060/0532/5868/products/mockup-52ddd211.jpg?v=1526905679,ADS Black T-Shirt,https://cdn.shopify.com/s/files/1/0060/0532/5868/products/mockup-86e1e50a.jpg?v=1526555517,Ads Black T-Shirt,https://cdn.shopify.com/s/files/1/0060/0532/5868/products/mockup-676f6bd3.jpg?v=1526559010,ADS White T-Shirt,https://cdn.shopify.com/s/files/1/0060/0532/5868/products/mockup-c2bf5a19.jpg?v=1526549778,Ads White T-Shirt,https://cdn.shopify.com/s/files/1/0060/0532/5868/products/mockup-28d0ee25.jpg?v=1526559783
leftcoastcollective.myshopify.com,leftcoastcollectivesd@gmail.com,https://www.facebook.com/leftcoastmmj,https://twitter.com/leftcoastc,710 Connoisseur 1g Cart - Heavy Hitters,https://cdn.shopify.com/s/files/1/0063/1069/0852/products/Heavy_Hitters_-_Vapes_-_Assorted_Vape_Carts_-_1x1_MENU_-_160828_d2336186-cebc-4ec4-8a85-0389239efaa3.jpg?v=1541705808,ACDC Punch Cartridge 0.5g - Raw Garden,https://cdn.shopify.com/s/files/1/0063/1069/0852/products/raw-garden_vape-cartridge_Raw-Garden-Vapes-Threaded-Cart-Generic-4x5-IG-181025jpg_P1_ACDC-Cartridge-05g-Raw-Garden_980656455716_2018-10-26.jpg?v=1540671924,Animal Mints 3.5g - Firestorm Gardens,https://cdn.shopify.com/s/files/1/0063/1069/0852/products/firestorm_gardens_flower_Firestorm-Gardens-Flower-Animal-Mints-1x1-MENU-181016jpg_P1_Animal-Mints-35g-Firestorm-Gardens_969190015012_2018-10-20.jpg?v=1540035092,,,,
la-bento-box.myshopify.com,support@luminya.fr,https://facebook.com/luminya,None,Bentobox,https://cdn.shopify.com/s/files/1/3101/8554/products/WOTHBUY-Vente-Chaude-Mignon-Japonais-Bo-te-Lunch-Thermique-tanche-En-Acier-Inoxydable-Bento-Box-Enfants_Pink_3_Layer_800x_fe1c8a4f-03b7-4c1c-9edb-f0138683961d.jpg?v=1529282713,Bentobox - Bleu,https://cdn.shopify.com/s/files/1/3101/8554/products/2_800x_800x_4d2cf7b5-a910-4f3d-98ce-3db42b1b3970.jpg?v=1529288839,Bentobox - Rose,https://cdn.shopify.com/s/files/1/3101/8554/products/3_800x_a6da1df2-eac0-4ee1-bebf-ea855030f648.jpg?v=1529288781,Bentobox - Vert,https://cdn.shopify.com/s/files/1/3101/8554/products/1_800x_dd42e3dd-64d8-4484-b0f1-e855e8d7a1d4.jpg?v=1529288787,BentoSet - Kit de Couverts,https://cdn.shopify.com/s/files/1/3101/8554/products/e_800x_5b67bde7-6aab-4457-83be-7b8291a19174.jpg?v=1519438772
cloth-kind.myshopify.com,None,None,None,,,,,,,,,,
audi-cn-mgs.myshopify.com,None,None,None,,,,,,,,,,
new-forest-football-academy.myshopify.com,None,None,None,,,,,,,,,,
pruex.myshopify.com,info@pruex.co.uk,None,None,0.1.0  Hand Held sprayer,https://cdn.shopify.com/s/files/1/1510/1848/products/432_transparent.png?v=1518864527,0.1.0  Hand Held sprayer,https://cdn.shopify.com/s/files/1/1510/1848/products/432_transparent.png?v=1518864527,0.1.0  Hand Held sprayer,https://cdn.shopify.com/s/files/1/1510/1848/products/432_transparent.png?v=1518864527,0.1.1  Hand Held sprayer with 5 Litre Backpack,https://cdn.shopify.com/s/files/1/1510/1848/products/Sprayer_with_backpack.jpeg?v=1519817574,0.1.1  Hand Held sprayer with 5 Litre Backpack,https://cdn.shopify.com/s/files/1/1510/1848/products/Sprayer_with_backpack.jpeg?v=1519817574
ecoessentials-pty-ltd.myshopify.com,None,https://facebook.com/EcoEssentials01,https://twitter.com/EcoEssentialsSA,Hair Growth Oil,https://cdn.shopify.com/s/files/1/2994/1334/products/Hair_Growth_Oil_Trans.png?v=1541250032,Detangling Hair Mist,https://cdn.shopify.com/s/files/1/2994/1334/products/des_6.png?v=1541249593,Detangling Hair Mist,https://cdn.shopify.com/s/files/1/2994/1334/products/des_6.png?v=1541249593,"Daily Repair, Nourish & Strengthen Set",https://cdn.shopify.com/s/files/1/2994/1334/products/daily_8_set.png?v=1541248944,"Daily Repair, Nourish & Strengthen Set",https://cdn.shopify.com/s/files/1/2994/1334/products/daily_8_set.png?v=1541248944
flyn-co-pl.myshopify.com,info@getflyn.com,https://facebook.com/flynofficial,None,Softshell,https://cdn.shopify.com/s/files/1/2196/1295/products/059_pop_933d0842-5739-462c-bef3-164966f7b45c.jpg?v=1537348326,Hoodie,https://cdn.shopify.com/s/files/1/2196/1295/products/055_pop_2_5f08326c-3155-4194-83f0-45a4fb5e2c1e.jpg?v=1537348757,Rain Coat,https://cdn.shopify.com/s/files/1/2196/1295/products/047.jpg?v=1535979346,,,,
green-valley-meats.myshopify.com,None,https://www.facebook.com/GreenValleyMeatCompanyOttawaON/,None,Beef - Cowboy Steak 28oz each (2 per case),https://cdn.shopify.com/s/files/1/3097/8054/products/TwoInchCowboySteak__69894.1508980676.jpg?v=1539270298,Beef - Cowboy Steak 28oz each (2 per case),https://cdn.shopify.com/s/files/1/3097/8054/products/TwoInchCowboySteak__69894.1508980676.jpg?v=1539270298,Beef - Cowboy Steak 28oz each (2 per case),https://cdn.shopify.com/s/files/1/3097/8054/products/TwoInchCowboySteak__69894.1508980676.jpg?v=1539270298,Beef - Cowboy Steak 28oz each (2 per case),https://cdn.shopify.com/s/files/1/3097/8054/products/TwoInchCowboySteak__69894.1508980676.jpg?v=1539270298,Beef - Filet Mignon 6oz each (6 per case),https://cdn.shopify.com/s/files/1/3097/8054/products/FiletMignon__37009.1509498482.jpg?v=1539622488
buybeautyproducts.myshopify.com,support@buybeautyproducts.com,https://www.facebook.com/pages/Buy-Beauty-Products/1591511701061783?fref=ts,https://twitter.com/buybeautyprods,Trussardi Uomo for Men by Trussardi EDT SPRAY 1.7 OZ,https://cdn.shopify.com/s/files/1/0780/7471/products/51J1cbu0ePL.jpg?v=1541870184,Trussardi Uomo for Men by Trussardi EDT SPRAY 1.7 OZ,https://cdn.shopify.com/s/files/1/0780/7471/products/51J1cbu0ePL.jpg?v=1541870184,Trussardi 3 Piece Uomo Eau de Toilette Spray Gift Set for Men,https://cdn.shopify.com/s/files/1/0780/7471/products/511ga3dm5jL._SL1200.jpg?v=1541870175,Trussardi 3 Piece Uomo Eau de Toilette Spray Gift Set for Men,https://cdn.shopify.com/s/files/1/0780/7471/products/511ga3dm5jL._SL1200.jpg?v=1541870175,"Trussardi A Way for Him Men's Eau de Toilette Spray, 3.4 Ounce",https://cdn.shopify.com/s/files/1/0780/7471/products/71Tz62sDx3L._SL1500.jpg?v=1541870167
healthy-human-life.myshopify.com,None,https://www.facebook.com/healthyhumanlife,https://twitter.com/HHumanLife/,*NEW* 12 oz Cruiser Tumbler,https://cdn.shopify.com/s/files/1/1960/6387/products/12oz-stone-gold.jpg?v=1539926153,*NEW* 12 oz Cruiser Tumbler,https://cdn.shopify.com/s/files/1/1960/6387/products/12oz-stone-gold.jpg?v=1539926153,*NEW* 12 oz Cruiser Tumbler,https://cdn.shopify.com/s/files/1/1960/6387/products/12oz-stone-gold.jpg?v=1539926153,*NEW* 12 oz Cruiser Tumbler,https://cdn.shopify.com/s/files/1/1960/6387/products/12oz-stone-gold.jpg?v=1539926153,*NEW* 20 oz Cruiser Tumbler,https://cdn.shopify.com/s/files/1/1960/6387/products/20oz-stone-gold.jpg?v=1540228425
the-million-roses.myshopify.com,orders@themillionroses.us,https://www.facebook.com/TheMillionRosesUS,None,Gift Card,https://cdn.shopify.com/s/files/1/1012/0108/products/e38bd83af578077b65a31424bd24d085.png?v=1533000442,LONG STEM - customize it!,https://cdn.shopify.com/s/files/1/1012/0108/products/customelongstem.jpeg?v=1529574134,LONG STEM collection - black roses,https://cdn.shopify.com/s/files/1/1012/0108/products/longstemblack.jpg?v=1534814553,LONG STEM collection - blue roses,https://cdn.shopify.com/s/files/1/1012/0108/products/newlongstemblue1.jpg?v=1534814554,LONG STEM collection - coral roses,https://cdn.shopify.com/s/files/1/1012/0108/products/Vaserosescoral.jpg?v=1534814554
irish-pure.myshopify.com,None,https://www.facebook.com/irishpure/,None,,,,,,,,,,
peach-beauty-new.myshopify.com,None,https://www.facebook.com/ElixiBeauty,https://twitter.com/elixibeauty,B01 - Brow Line Brush,https://cdn.shopify.com/s/files/1/0011/2187/8052/products/B01_4356e948-0887-4261-9a8a-05ef303cd29e.jpg?v=1534773916,Complete Brush Set - 20 Brushes,https://cdn.shopify.com/s/files/1/0011/2187/8052/products/Complete_Brush_Set_-_Pink.jpg?v=1534262670,Contour and Highlight Brush Set - 5 Brushes,https://cdn.shopify.com/s/files/1/0011/2187/8052/products/Highlight_and_Contour_Set_Pink.jpg?v=1534262729,E01 - Eye Shader Brush,https://cdn.shopify.com/s/files/1/0011/2187/8052/products/E01.jpg?v=1534262777,E02 - Tapered Blending Brush,https://cdn.shopify.com/s/files/1/0011/2187/8052/products/E02.jpg?v=1534262809
casestudi-shop.myshopify.com,None,//www.facebook.com/sharer.php?u=https://www.casestudi-shop.com/products/libre-charger-wireless-charging-pad,//twitter.com/share?url=https://www.casestudi-shop.com/products/libre-charger-wireless-charging-pad&text=,FOLDBOARD STAND: FOLDING KEYBOARD WITH STAND,https://cdn.shopify.com/s/files/1/1174/2648/products/FB_Stand_iPad.jpg?v=1522897786,LIBRE CHARGER: WIRELESS CHARGING PAD,https://cdn.shopify.com/s/files/1/1174/2648/products/For_Pack_2.jpg?v=1532254955,CS DOCK: IPHONE LIGHTNING DOCK (BLACK),https://cdn.shopify.com/s/files/1/1174/2648/products/Dock_For_Packaging_Square.jpg?v=1491286953,CHARGER AIR: CAR CHARGER WITH IONIC AIR PURIFIER,https://cdn.shopify.com/s/files/1/1174/2648/products/Charger_Air_Light.jpg?v=1501750646,CARPLUS: CAR CHARGER WITH BLUETOOTH HEADSET,https://cdn.shopify.com/s/files/1/1174/2648/products/Carplus_Square.jpg?v=1494095758
bambinisolo.myshopify.com,None,https://www.facebook.com/SoloBambiniBurlingame/,https://twitter.com/solobambini1,Newborn,https://cdn.shopify.com/s/files/1/1864/0949/products/como-newborn-yellow-1024.jpg?v=1500739493,Baby,https://cdn.shopify.com/s/files/1/1864/0949/products/como-baby-36-14-neutral-1024.jpg?v=1533758898,Babe,https://cdn.shopify.com/s/files/1/1864/0949/products/como-babe-38-14-transparent-lightt-rose-1024.jpg?v=1500052270,Baby-2,https://cdn.shopify.com/s/files/1/1864/0949/products/como-baby-2-41-16-trans-pink-frame-1024.jpg?v=1500748671,Junior,https://cdn.shopify.com/s/files/1/1864/0949/products/como-junior-45-19-red-orange-frame-1024.jpg?v=1498432370
jak-shoes.myshopify.com,None,https://www.facebook.com/jakshoes/,None,Atom All Black,https://cdn.shopify.com/s/files/1/0706/6863/products/Atom-Black-Product-Category_43012a41-7aec-4ee8-9f68-268968493962.jpg?v=1540312437,Atom All Black,https://cdn.shopify.com/s/files/1/0706/6863/products/Atom-Black-Product-Category_00bc03ac-80a7-4ef6-a347-79306f53c932.jpg?v=1540312460,Atom All White,https://cdn.shopify.com/s/files/1/0706/6863/products/Atom-White-Edited-Category_da62668a-de3c-40b2-8c14-51a066fb2944.jpg?v=1540312486,Atom All White,https://cdn.shopify.com/s/files/1/0706/6863/products/Atom-White-Edited-Category_b9463705-1a82-4852-b0c2-2f3269bd3a4a.jpg?v=1540312511,Atom Light Grey,https://cdn.shopify.com/s/files/1/0706/6863/products/Atom-Light-Grey-Product-Edited-Cat.jpg?v=1540312565
tshirtfor-mom.myshopify.com,None,None,None,,,,,,,,,,
xterrawetsuits.myshopify.com,info@xterrawetsuits.com,https://www.facebook.com/xterrawetsuits/,https://twitter.com/xterrawetsuits,Kids Volt Fullsuit,https://cdn.shopify.com/s/files/1/0895/3046/products/IMG_1750_edit_800x_copy.jpg?v=1511803690,2018 VALOR Speedsuit,https://cdn.shopify.com/s/files/1/0895/3046/products/Valor_1200x1200-5.png?v=1510510466,LAVA Pants,https://cdn.shopify.com/s/files/1/0895/3046/products/Lava_1200x1200-3.png?v=1510510272,LAVA Shorts,https://cdn.shopify.com/s/files/1/0895/3046/products/Lava_1200x1200-2_826fcb1a-3012-4620-ac4f-7fe1eb49cb37.png?v=1510510382,"LAVA Booties, Thermal swim socks",https://cdn.shopify.com/s/files/1/0895/3046/products/LAVA_BOOTIES.png?v=1520611683
jemontemaboutique.myshopify.com,None,None,None,,,,,,,,,,
mahonitas.myshopify.com,None,https://www.facebook.com/mahonitasavarcas/,None,Gift Card,https://cdn.shopify.com/s/files/1/2437/4349/products/mahonitas_gift_card-02.png?v=1524237462,Junior,https://cdn.shopify.com/s/files/1/2437/4349/products/D_azz_03_1_26d846f4-fad5-4d95-bb92-d9714d792ba0.jpg?v=1525166534,Junior,https://cdn.shopify.com/s/files/1/2437/4349/products/D_azz_03_1_26d846f4-fad5-4d95-bb92-d9714d792ba0.jpg?v=1525166534,Junior,https://cdn.shopify.com/s/files/1/2437/4349/products/D_azz_03_1_26d846f4-fad5-4d95-bb92-d9714d792ba0.jpg?v=1525166534,Junior,https://cdn.shopify.com/s/files/1/2437/4349/products/D_azz_03_1_26d846f4-fad5-4d95-bb92-d9714d792ba0.jpg?v=1525166534
21ilab.myshopify.com,None,None,None,The Key 2018,https://cdn.shopify.com/s/files/1/1246/7269/products/Cover1.jpg?v=1527501534,The Key 2018,https://cdn.shopify.com/s/files/1/1246/7269/products/Cover1.jpg?v=1527501534,The Key 2018,https://cdn.shopify.com/s/files/1/1246/7269/products/Cover1.jpg?v=1527501534,The Key 2018,https://cdn.shopify.com/s/files/1/1246/7269/products/Cover1.jpg?v=1527501534,,
goldstar-marketing.myshopify.com,None,None,None,,,,,,,,,,
safino.myshopify.com,None,None,None,,,,,,,,,,
project-ka.myshopify.com,None,https://www.facebook.com/animazul.store/,//twitter.com/share?text=Down%20to%20Xjabelle%20-%20Ribbon%20in%20white%20and%20red%20with%20red%20glass%20bead%20embroidery&url=https://animazul.com/products/down-to-xjabelle-ribbon-in-white-and-red-with-red-glass-bead-embroidery,Down to Xjabelle - black & red cape,https://cdn.shopify.com/s/files/1/0003/5523/7898/products/IMG20180525112037.jpg?v=1528034631,Down to Xjabelle - blue bag with glass beads,https://cdn.shopify.com/s/files/1/0003/5523/7898/products/Detalle_bolso_mostacilla.jpg?v=1528041268,Down to Xjabelle - blue scarf with blue tassels,https://cdn.shopify.com/s/files/1/0003/5523/7898/products/DSF4434.JPG?v=1528502180,Down to Xjabelle - Cape,https://cdn.shopify.com/s/files/1/0003/5523/7898/products/IMG20180426202454848.jpg?v=1526254924,Down to Xjabelle - Cape made of multicolor jaspe,https://cdn.shopify.com/s/files/1/0003/5523/7898/products/CA9B4789.jpg?v=1538465239
popsockets-eupromo.myshopify.com,None,https://www.facebook.com/PopSockets,https://twitter.com/popsockets,Popsocket Accordion,https://cdn.shopify.com/s/files/1/2952/1396/products/accordion-black.png?v=1517249416,Popsocket Accordion,https://cdn.shopify.com/s/files/1/2952/1396/products/accordion-black.png?v=1517249416,Popsocket Custom Button,https://cdn.shopify.com/s/files/1/2952/1396/products/nothing.png?v=1517249369,Popsocket Custom Button,https://cdn.shopify.com/s/files/1/2952/1396/products/nothing.png?v=1517249369,Popsocket Platform,https://cdn.shopify.com/s/files/1/2952/1396/products/platform-black.png?v=1517249408
starchild-tarot.myshopify.com,orders@starchildtarot.com,https://facebook.com/starchildtarot,None,The Book of Tarot  A Guide for Modern Mystics,https://cdn.shopify.com/s/files/1/0978/9512/products/Starchild-Tarot-big-book_32100665-838d-42f6-af2b-40469b8578e1.jpg?v=1535611125,The Book of Tarot  A Guide for Modern Mystics,https://cdn.shopify.com/s/files/1/0978/9512/products/Starchild-Tarot-big-book_32100665-838d-42f6-af2b-40469b8578e1.jpg?v=1535611125,The Moon Card Pin,https://cdn.shopify.com/s/files/1/0978/9512/products/themooncard.jpg?v=1483059735,The Moon Card Pin,https://cdn.shopify.com/s/files/1/0978/9512/products/themooncard.jpg?v=1483059735,The Moonchild Tarot,https://cdn.shopify.com/s/files/1/0978/9512/products/moonchild-best.jpg?v=1535613729
revisionskincare-b2b.myshopify.com,None,None,None,,,,,,,,,,
atomicmakeupnyc.myshopify.com,info@atomicmakeup.com,https://www.facebook.com/AtomicMakeupNYC,None,1988,https://cdn.shopify.com/s/files/1/1990/1497/products/1988.jpg?v=1536617834,1988,https://cdn.shopify.com/s/files/1/1990/1497/products/1988.jpg?v=1536617834,2GETHER 4EVER,https://cdn.shopify.com/s/files/1/1990/1497/products/2gether_4ever.jpg?v=1536617840,2GETHER 4EVER,https://cdn.shopify.com/s/files/1/1990/1497/products/2gether_4ever.jpg?v=1536617840,ATOMIC,https://cdn.shopify.com/s/files/1/1990/1497/products/Atomic.jpg?v=1536617837
birds-cottage.myshopify.com,None,None,None,,,,,,,,,,
eero-aarnio.myshopify.com,hello@aarniooriginals.com,https://www.facebook.com/aarniooriginals,None,Ball Chair,https://cdn.shopify.com/s/files/1/1461/0984/products/eero_aarnio_originals_product_pictures_final_colorbg_13_a73a3c5e-d98e-43f6-a14f-076951591ddb.jpg?v=1522146678,Bubble,https://cdn.shopify.com/s/files/1/1461/0984/products/eero_aarnio_originals_product_pictures_final_colorbg_19_9c31a0c7-08e9-4ba3-8670-0dacb68d261b.jpg?v=1522147296,Copacabana,https://cdn.shopify.com/s/files/1/1461/0984/products/eero_aarnio_originals_product_pictures_final_colorbg_06_5847f0ef-c2b8-47fb-9e0b-a7f18ad8dd07.jpg?v=1522147534,Formula,https://cdn.shopify.com/s/files/1/1461/0984/products/eero_aarnio_originals_product_pictures_final_colorbg_04_791869e7-3abc-466a-95d7-3fd04e11ba61.jpg?v=1522147673,Mushroom,https://cdn.shopify.com/s/files/1/1461/0984/products/eero_aarnio_originals_product_pictures_final_colorbg_05_7b141bc9-65a9-4a8b-8450-dd6e88f15370.jpg?v=1522147836
judithandcharles-us.myshopify.com,None,https://www.facebook.com/judithandcharles,https://twitter.com/judithncharles,Acacia Sweater,https://cdn.shopify.com/s/files/1/2917/2788/products/acacia_dress_280-4826_black_hero_1-2.jpg?v=1541707082,Adler Skirt,https://cdn.shopify.com/s/files/1/2917/2788/products/adler-skirt_998-2294_navy-jacquard_hero_1-2.jpg?v=1541707084,Aimee Dress,https://cdn.shopify.com/s/files/1/2917/2788/products/aimee-dress_758-5247_navy_hero_1-4_cea804b8-7a1c-43d0-92f0-9505d2403755.jpg?v=1541707087,Albertine Pant,https://cdn.shopify.com/s/files/1/2917/2788/products/albertine-pant_554-3633_navy_hero_1-1.jpg?v=1541707092,Alecia Dress,https://cdn.shopify.com/s/files/1/2917/2788/products/alecia-dress_300-5349_crimson-red_hero_1-3_161de890-3543-4fcb-aa26-5ef4c3189990.jpg?v=1541707095
milk-honey-babies-2.myshopify.com,info@milkandhoneybabies.com,None,None,SunnyLife Crabby Arm Band Floaties,https://cdn.shopify.com/s/files/1/0719/4219/products/Crabby_Arm_Band_Floaties_1.jpg?v=1527022898,SunnyLife Crabby Arm Band Floaties,https://cdn.shopify.com/s/files/1/0719/4219/products/Crabby_Arm_Band_Floaties_1.jpg?v=1527022898,SunnyLife Kids Pool Crabby,https://cdn.shopify.com/s/files/1/0719/4219/products/Crabby_Kids_Pool.jpg?v=1527019673,SunnyLife Kids Pool Crabby,https://cdn.shopify.com/s/files/1/0719/4219/products/Crabby_Kids_Pool.jpg?v=1527019673,SunnyLife Ice Cream Neoprene Back Pack,https://cdn.shopify.com/s/files/1/0719/4219/products/Ice_Cream_Neoprene_Backpack.jpg?v=1527016627
doc-of-detox-2.myshopify.com,None,http://www.facebook.com/docofdetox,https://twitter.com/DocOfDetox,4ever Flora,https://cdn.shopify.com/s/files/1/0017/0609/8803/products/4ever_Flora1.png?v=1527276874,4ever Flora,https://cdn.shopify.com/s/files/1/0017/0609/8803/products/4ever_Flora1.png?v=1527276874,African Cayenne,https://cdn.shopify.com/s/files/1/0017/0609/8803/products/African_Cayenne_web.png?v=1527622390,African Cayenne,https://cdn.shopify.com/s/files/1/0017/0609/8803/products/African_Cayenne_web.png?v=1527622390,Aloe Mystery,https://cdn.shopify.com/s/files/1/0017/0609/8803/products/AM.jpg?v=1527101247
dwb-online.myshopify.com,None,https://www.facebook.com/Deko-Werbung-und-Beratung-615446555498964/,None,Leinwanddruck auf Holzkeilrahmen,https://cdn.shopify.com/s/files/1/0015/0293/7143/products/Foto_Leinwanddruck_auf_Holzkeilrahmen.jpg?v=1539159823,Bestickte Fleece-Kuscheldecken in Wunschfarbe mit Firmenlogo oder Wunschmotiv,https://cdn.shopify.com/s/files/1/0015/0293/7143/products/IMG_5756_1.JPG?v=1540974089,Gummi Fußmatten mit Firmenlogo oder Wunschmotiv,https://cdn.shopify.com/s/files/1/0015/0293/7143/products/need_to_get_this_photo_photoshopped_with_our_company_logo_180218094138_1.jpg?v=1540974119,FILZ Fußmatte mit Wunschmotiv,https://cdn.shopify.com/s/files/1/0015/0293/7143/products/image_ebc5d4b8-da68-45d6-bd5d-1c148cd78e0d.jpg?v=1537861029,Individuell bedrucktes Werbe- und Fotohandtuch 50x30cm,https://cdn.shopify.com/s/files/1/0015/0293/7143/products/image_770aa5f5-6b72-4c4a-bfd2-f57459b9a0bb.jpg?v=1539159817
elita-essentials.myshopify.com,None,//www.facebook.com/sharer.php?u=https://elitaessentials.com/products/dr-ps-super-ai-serum,//twitter.com/home?status=https://elitaessentials.com/products/dr-ps-super-ai-serum via @shopify,99% Beta Caryophyllene Isolate 15ml,https://cdn.shopify.com/s/files/1/0024/4747/4751/products/Isolate-BetaCaryophyllene-3.jpg?v=1534253028,99% Beta Caryophyllene Isolate 15ml,https://cdn.shopify.com/s/files/1/0024/4747/4751/products/Isolate-BetaCaryophyllene-3.jpg?v=1534253028,Alpha-Humulene 90% Isolate 15ml,https://cdn.shopify.com/s/files/1/0024/4747/4751/products/Isolate-Alpha-Humulene-3.png?v=1534253032,Alpha-Humulene 90% Isolate 15ml,https://cdn.shopify.com/s/files/1/0024/4747/4751/products/Isolate-Alpha-Humulene-3.png?v=1534253032,Birch Adirondack Essentail Oil 15ml,https://cdn.shopify.com/s/files/1/0024/4747/4751/products/Oil-Birch-3.jpg?v=1534253035
halcyon-hadley.myshopify.com,halcyonandhadley@gmail.com,https://www.facebook.com/HalcyonandHadley/,https://twitter.com/Halcyon_Hadley,Abalone and Mother of Pearl Geometric Statement Earrings,https://cdn.shopify.com/s/files/1/2495/1490/products/8_2d74ea99-4bcb-4510-923a-16da0359524d.png?v=1532854748,Abalone and Mother of Pearl Geometric Statement Earrings,https://cdn.shopify.com/s/files/1/2495/1490/products/8_2d74ea99-4bcb-4510-923a-16da0359524d.png?v=1532854748,Abalone Shell & Rose Quartz Vernazza Statement Earrings,https://cdn.shopify.com/s/files/1/2495/1490/products/18_3d243bc3-d4a4-4ec0-b616-00562ffce397.png?v=1532854749,Abalone Shell & Rose Quartz Vernazza Statement Earrings,https://cdn.shopify.com/s/files/1/2495/1490/products/18_3d243bc3-d4a4-4ec0-b616-00562ffce397.png?v=1532854749,Ah Oui Cannes Blue Chalcedony & Shell Drop Earrings,https://cdn.shopify.com/s/files/1/2495/1490/products/9_c0c5a706-ff29-40f3-b1e6-8c5477f4e1c4.png?v=1532335673
qimiq-online-shop.myshopify.com,None,None,None,Das kleine Kennenlernpaket,https://cdn.shopify.com/s/files/1/1425/8242/products/QOS-Das_kleine_Kennenlernpaket-01.png?v=1526847483,Das kleine Kennenlernpaket,https://cdn.shopify.com/s/files/1/1425/8242/products/QOS-Das_kleine_Kennenlernpaket-01.png?v=1526847483,12 Cupcake-Formen aus Silikon,https://cdn.shopify.com/s/files/1/1425/8242/products/0E9A1909.jpg?v=1505160423,12 Cupcake-Formen aus Silikon,https://cdn.shopify.com/s/files/1/1425/8242/products/0E9A1909.jpg?v=1505160423,12 Cupcake-Formen aus Silikon,https://cdn.shopify.com/s/files/1/1425/8242/products/0E9A1909.jpg?v=1505160423
